{
	"BUILD_DIR" : "C:/Users/PC/Documents/GitHub/cron-gui/build/cron-gui_autogen",
	"CMAKE_BINARY_DIR" : "C:/Users/PC/Documents/GitHub/cron-gui/build",
	"CMAKE_CURRENT_BINARY_DIR" : "C:/Users/PC/Documents/GitHub/cron-gui/build",
	"CMAKE_CURRENT_SOURCE_DIR" : "C:/Users/PC/Documents/GitHub/cron-gui",
	"CMAKE_SOURCE_DIR" : "C:/Users/PC/Documents/GitHub/cron-gui",
	"CROSS_CONFIG" : false,
	"GENERATOR" : "MinGW Makefiles",
	"INCLUDE_DIR" : "C:/Users/PC/Documents/GitHub/cron-gui/build/cron-gui_autogen/include",
	"INPUTS" : [ "C:/Users/PC/Documents/GitHub/cron-gui/icons/tray_icon.png" ],
	"LOCK_FILE" : "C:/Users/PC/Documents/GitHub/cron-gui/build/CMakeFiles/cron-gui_autogen.dir/AutoRcc_resources_EWIEGA46WW_Lock.lock",
	"MULTI_CONFIG" : false,
	"OPTIONS" : [ "--no-zstd", "-name", "resources" ],
	"OUTPUT_CHECKSUM" : "EWIEGA46WW",
	"OUTPUT_NAME" : "qrc_resources.cpp",
	"RCC_EXECUTABLE" : "C:/Qt/6.10.1/mingw_64/bin/rcc.exe",
	"RCC_LIST_OPTIONS" : [ "--list" ],
	"SETTINGS_FILE" : "C:/Users/PC/Documents/GitHub/cron-gui/build/CMakeFiles/cron-gui_autogen.dir/AutoRcc_resources_EWIEGA46WW_Used.txt",
	"SOURCE" : "C:/Users/PC/Documents/GitHub/cron-gui/resources.qrc",
	"USE_BETTER_GRAPH" : true,
	"VERBOSITY" : 0
}
